gene,name,cancer,bp
"<http://www.inferico.com/kegg-cmpo.owl#Abst_Gene_hsa_1027>","CDKN1B, CDKN4, KIP1, MEN1B, MEN4, P27KIP1; cyclin-dependent kinase inhibitor 1B (p27, Kip1); K06624 cyclin-dependent kinase inhibitor 1B","<http://www.inferico.com/kegg-cmpo.owl#POGene>","<http://www.geneontology.org/go#GO_0043066>"
"<http://www.inferico.com/kegg-cmpo.owl#Abst_Gene_hsa_1027>","CDKN1B, CDKN4, KIP1, MEN1B, MEN4, P27KIP1; cyclin-dependent kinase inhibitor 1B (p27, Kip1); K06624 cyclin-dependent kinase inhibitor 1B","<http://www.inferico.com/kegg-cmpo.owl#POGene>","<http://www.geneontology.org/go#GO_0008285>"
"<http://www.inferico.com/kegg-cmpo.owl#Abst_Gene_hsa_1027>","CDKN1B, CDKN4, KIP1, MEN1B, MEN4, P27KIP1; cyclin-dependent kinase inhibitor 1B (p27, Kip1); K06624 cyclin-dependent kinase inhibitor 1B","<http://www.inferico.com/kegg-cmpo.owl#POGene>","<http://www.geneontology.org/go#GO_0008284>"
"<http://www.inferico.com/kegg-cmpo.owl#Abst_Gene_hsa_1027>","CDKN1B, CDKN4, KIP1, MEN1B, MEN4, P27KIP1; cyclin-dependent kinase inhibitor 1B (p27, Kip1); K06624 cyclin-dependent kinase inhibitor 1B","<http://www.inferico.com/kegg-cmpo.owl#POGene>","<http://www.geneontology.org/go#GO_0042127>"
"<http://www.inferico.com/kegg-cmpo.owl#Abst_Gene_hsa_1029>","CDKN2A, ARF, CDK4I, CDKN2, CMM2, INK4, INK4A, MLM, MTS-1, MTS1, P14, P14ARF, P16, P16-INK4A, P16INK4, P16INK4A, P19, P19ARF, TP16; cyclin-dependent kinase inhibitor 2A; K06621 cyclin-dependent kinase inhibitor 2A","<http://www.inferico.com/kegg-cmpo.owl#TSGene>","<http://www.geneontology.org/go#GO_0008285>"
"<http://www.inferico.com/kegg-cmpo.owl#Abst_Gene_hsa_1029>","CDKN2A, ARF, CDK4I, CDKN2, CMM2, INK4, INK4A, MLM, MTS-1, MTS1, P14, P14ARF, P16, P16-INK4A, P16INK4, P16INK4A, P19, P19ARF, TP16; cyclin-dependent kinase inhibitor 2A; K06621 cyclin-dependent kinase inhibitor 2A","<http://www.inferico.com/kegg-cmpo.owl#TSGene>","<http://www.geneontology.org/go#GO_0043065>"
"<http://www.inferico.com/kegg-cmpo.owl#Abst_Gene_hsa_1029>","CDKN2A, ARF, CDK4I, CDKN2, CMM2, INK4, INK4A, MLM, MTS-1, MTS1, P14, P14ARF, P16, P16-INK4A, P16INK4, P16INK4A, P19, P19ARF, TP16; cyclin-dependent kinase inhibitor 2A; K06621 cyclin-dependent kinase inhibitor 2A","<http://www.inferico.com/kegg-cmpo.owl#TSGene>","<http://www.geneontology.org/go#GO_0006915>"
"<http://www.inferico.com/kegg-cmpo.owl#Abst_Gene_hsa_1030>","CDKN2B, CDK4I, INK4B, MTS2, P15, TP15, p15INK4b; cyclin-dependent kinase inhibitor 2B (p15, inhibits CDK4); K04685 cyclin-dependent kinase inhibitor 2B","<http://www.inferico.com/kegg-cmpo.owl#TSGene>","<http://www.geneontology.org/go#GO_0008285>"
"<http://www.inferico.com/kegg-cmpo.owl#Abst_Gene_hsa_1032>","CDKN2D, INK4D, p19, p19-INK4D; cyclin-dependent kinase inhibitor 2D (p19, inhibits CDK4); K06623 cyclin-dependent kinase inhibitor 2D","<http://www.inferico.com/kegg-cmpo.owl#TSGene>","<http://www.geneontology.org/go#GO_0008285>"
"<http://www.inferico.com/kegg-cmpo.owl#Abst_Gene_hsa_11200>","CHEK2, CDS1, CHK2, HuCds1, LFS2, PP1425, RAD53, hCds1; checkpoint kinase 2 (EC:2.7.11.1); K06641 serine/threonine-protein kinase Chk2 [EC:2.7.11.1]","<http://www.inferico.com/kegg-cmpo.owl#TSGene>","<http://www.geneontology.org/go#GO_0006915>"
"<http://www.inferico.com/kegg-cmpo.owl#Abst_Gene_hsa_1436>","CSF1R, C-FMS, CD115, CSF-1R, CSFR, FIM2, FMS, HDLS, M-CSF-R; colony stimulating factor 1 receptor (EC:2.7.10.1); K05090 macrophage colony-stimulating factor 1 receptor [EC:2.7.10.1]","<http://www.inferico.com/kegg-cmpo.owl#POGene>","<http://www.geneontology.org/go#GO_0008284>"
"<http://www.inferico.com/kegg-cmpo.owl#Abst_Gene_hsa_1436>","CSF1R, C-FMS, CD115, CSF-1R, CSFR, FIM2, FMS, HDLS, M-CSF-R; colony stimulating factor 1 receptor (EC:2.7.10.1); K05090 macrophage colony-stimulating factor 1 receptor [EC:2.7.10.1]","<http://www.inferico.com/kegg-cmpo.owl#POGene>","<http://www.geneontology.org/go#GO_0008283>"
"<http://www.inferico.com/kegg-cmpo.owl#Abst_Gene_hsa_1613>","DAPK3, DLK, ZIP, ZIPK; death-associated protein kinase 3 (EC:2.7.11.1); K08803 death-associated protein kinase [EC:2.7.11.1]","<http://www.inferico.com/kegg-cmpo.owl#TSGene>","<http://www.geneontology.org/go#GO_0043065>"
"<http://www.inferico.com/kegg-cmpo.owl#Abst_Gene_hsa_1613>","DAPK3, DLK, ZIP, ZIPK; death-associated protein kinase 3 (EC:2.7.11.1); K08803 death-associated protein kinase [EC:2.7.11.1]","<http://www.inferico.com/kegg-cmpo.owl#TSGene>","<http://www.geneontology.org/go#GO_0006915>"
"<http://www.inferico.com/kegg-cmpo.owl#Abst_Gene_hsa_1613>","DAPK3, DLK, ZIP, ZIPK; death-associated protein kinase 3 (EC:2.7.11.1); K08803 death-associated protein kinase [EC:2.7.11.1]","<http://www.inferico.com/kegg-cmpo.owl#TSGene>","<http://www.geneontology.org/go#GO_0042981>"
"<http://www.inferico.com/kegg-cmpo.owl#Abst_Gene_hsa_1630>","DCC, CRC18, CRCR1, IGDCC1, MRMV1, NTN1R1; DCC netrin 1 receptor; K06765 deleted in colorectal carcinoma","<http://www.inferico.com/kegg-cmpo.owl#TSGene>","<http://www.geneontology.org/go#GO_0043065>"
"<http://www.inferico.com/kegg-cmpo.owl#Abst_Gene_hsa_1630>","DCC, CRC18, CRCR1, IGDCC1, MRMV1, NTN1R1; DCC netrin 1 receptor; K06765 deleted in colorectal carcinoma","<http://www.inferico.com/kegg-cmpo.owl#TSGene>","<http://www.geneontology.org/go#GO_0006915>"
"<http://www.inferico.com/kegg-cmpo.owl#Abst_Gene_hsa_1942>","EFNA1, B61, ECKLG, EFL1, EPLG1, LERK-1, LERK1, TNFAIP4; ephrin-A1; K05462 ephrin-A","<http://www.inferico.com/kegg-cmpo.owl#TSGene>","<http://www.geneontology.org/go#GO_0001525>"
"<http://www.inferico.com/kegg-cmpo.owl#Abst_Gene_hsa_1942>","EFNA1, B61, ECKLG, EFL1, EPLG1, LERK-1, LERK1, TNFAIP4; ephrin-A1; K05462 ephrin-A","<http://www.inferico.com/kegg-cmpo.owl#TSGene>","<http://www.geneontology.org/go#GO_0045765>"
"<http://www.inferico.com/kegg-cmpo.owl#Abst_Gene_hsa_1956>","EGFR, ERBB, ERBB1, HER1, PIG61, mENA; epidermal growth factor receptor (EC:2.7.10.1); K04361 epidermal growth factor receptor [EC:2.7.10.1]","<http://www.inferico.com/kegg-cmpo.owl#TSGene>","<http://www.geneontology.org/go#GO_0043066>"
"<http://www.inferico.com/kegg-cmpo.owl#Abst_Gene_hsa_1956>","EGFR, ERBB, ERBB1, HER1, PIG61, mENA; epidermal growth factor receptor (EC:2.7.10.1); K04361 epidermal growth factor receptor [EC:2.7.10.1]","<http://www.inferico.com/kegg-cmpo.owl#TSGene>","<http://www.geneontology.org/go#GO_0008284>"
"<http://www.inferico.com/kegg-cmpo.owl#Abst_Gene_hsa_1956>","EGFR, ERBB, ERBB1, HER1, PIG61, mENA; epidermal growth factor receptor (EC:2.7.10.1); K04361 epidermal growth factor receptor [EC:2.7.10.1]","<http://www.inferico.com/kegg-cmpo.owl#TSGene>","<http://www.geneontology.org/go#GO_0008283>"
"<http://www.inferico.com/kegg-cmpo.owl#Abst_Gene_hsa_1956>","EGFR, ERBB, ERBB1, HER1, PIG61, mENA; epidermal growth factor receptor (EC:2.7.10.1); K04361 epidermal growth factor receptor [EC:2.7.10.1]","<http://www.inferico.com/kegg-cmpo.owl#TSGene>","<http://www.geneontology.org/go#GO_0042127>"
"<http://www.inferico.com/kegg-cmpo.owl#Abst_Gene_hsa_207>","AKT1, AKT, CWS6, PKB, PKB-ALPHA, PRKBA, RAC, RAC-ALPHA; v-akt murine thymoma viral oncogene homolog 1 (EC:2.7.11.1); K04456 RAC serine/threonine-protein kinase [EC:2.7.11.1]","<http://www.inferico.com/kegg-cmpo.owl#POGene>","<http://www.geneontology.org/go#GO_0043066>"
"<http://www.inferico.com/kegg-cmpo.owl#Abst_Gene_hsa_207>","AKT1, AKT, CWS6, PKB, PKB-ALPHA, PRKBA, RAC, RAC-ALPHA; v-akt murine thymoma viral oncogene homolog 1 (EC:2.7.11.1); K04456 RAC serine/threonine-protein kinase [EC:2.7.11.1]","<http://www.inferico.com/kegg-cmpo.owl#POGene>","<http://www.geneontology.org/go#GO_0043065>"
"<http://www.inferico.com/kegg-cmpo.owl#Abst_Gene_hsa_207>","AKT1, AKT, CWS6, PKB, PKB-ALPHA, PRKBA, RAC, RAC-ALPHA; v-akt murine thymoma viral oncogene homolog 1 (EC:2.7.11.1); K04456 RAC serine/threonine-protein kinase [EC:2.7.11.1]","<http://www.inferico.com/kegg-cmpo.owl#POGene>","<http://www.geneontology.org/go#GO_0006915>"
"<http://www.inferico.com/kegg-cmpo.owl#Abst_Gene_hsa_207>","AKT1, AKT, CWS6, PKB, PKB-ALPHA, PRKBA, RAC, RAC-ALPHA; v-akt murine thymoma viral oncogene homolog 1 (EC:2.7.11.1); K04456 RAC serine/threonine-protein kinase [EC:2.7.11.1]","<http://www.inferico.com/kegg-cmpo.owl#POGene>","<http://www.geneontology.org/go#GO_0008283>"
"<http://www.inferico.com/kegg-cmpo.owl#Abst_Gene_hsa_208>","AKT2, HIHGHH, PKBB, PKBBETA, PRKBB, RAC-BETA; v-akt murine thymoma viral oncogene homolog 2 (EC:2.7.11.1); K04456 RAC serine/threonine-protein kinase [EC:2.7.11.1]","<http://www.inferico.com/kegg-cmpo.owl#POGene>","<http://www.geneontology.org/go#GO_0006915>"
"<http://www.inferico.com/kegg-cmpo.owl#Abst_Gene_hsa_2113>","ETS1, ETS-1, EWSR2, p54; v-ets avian erythroblastosis virus E26 oncogene homolog 1; K02678 c-ets proto-oncogene protein","<http://www.inferico.com/kegg-cmpo.owl#POGene>","<http://www.geneontology.org/go#GO_0008285>"
"<http://www.inferico.com/kegg-cmpo.owl#Abst_Gene_hsa_2113>","ETS1, ETS-1, EWSR2, p54; v-ets avian erythroblastosis virus E26 oncogene homolog 1; K02678 c-ets proto-oncogene protein","<http://www.inferico.com/kegg-cmpo.owl#POGene>","<http://www.geneontology.org/go#GO_0045766>"
"<http://www.inferico.com/kegg-cmpo.owl#Abst_Gene_hsa_2113>","ETS1, ETS-1, EWSR2, p54; v-ets avian erythroblastosis virus E26 oncogene homolog 1; K02678 c-ets proto-oncogene protein","<http://www.inferico.com/kegg-cmpo.owl#POGene>","<http://www.geneontology.org/go#GO_0008284>"
"<http://www.inferico.com/kegg-cmpo.owl#Abst_Gene_hsa_2113>","ETS1, ETS-1, EWSR2, p54; v-ets avian erythroblastosis virus E26 oncogene homolog 1; K02678 c-ets proto-oncogene protein","<http://www.inferico.com/kegg-cmpo.owl#POGene>","<http://www.geneontology.org/go#GO_0042981>"
"<http://www.inferico.com/kegg-cmpo.owl#Abst_Gene_hsa_2113>","ETS1, ETS-1, EWSR2, p54; v-ets avian erythroblastosis virus E26 oncogene homolog 1; K02678 c-ets proto-oncogene protein","<http://www.inferico.com/kegg-cmpo.owl#POGene>","<http://www.geneontology.org/go#GO_0045765>"
"<http://www.inferico.com/kegg-cmpo.owl#Abst_Gene_hsa_2122>","MECOM, AML1-EVI-1, EVI1, MDS1, MDS1-EVI1, PRDM3; MDS1 and EVI1 complex locus; K04462 ecotropic virus integration site 1 protein","<http://www.inferico.com/kegg-cmpo.owl#POGene>","<http://www.geneontology.org/go#GO_0006915>"
"<http://www.inferico.com/kegg-cmpo.owl#Abst_Gene_hsa_2122>","MECOM, AML1-EVI-1, EVI1, MDS1, MDS1-EVI1, PRDM3; MDS1 and EVI1 complex locus; K04462 ecotropic virus integration site 1 protein","<http://www.inferico.com/kegg-cmpo.owl#POGene>","<http://www.geneontology.org/go#GO_0042127>"
"<http://www.inferico.com/kegg-cmpo.owl#Abst_Gene_hsa_2248>","FGF3, HBGF-3, INT2; fibroblast growth factor 3; K04358 fibroblast growth factor","<http://www.inferico.com/kegg-cmpo.owl#POGene>","<http://www.geneontology.org/go#GO_0008284>"
"<http://www.inferico.com/kegg-cmpo.owl#Abst_Gene_hsa_2249>","FGF4, HBGF-4, HST, HST-1, HSTF1, K-FGF, KFGF; fibroblast growth factor 4; K04358 fibroblast growth factor","<http://www.inferico.com/kegg-cmpo.owl#POGene>","<http://www.geneontology.org/go#GO_0043066>"
"<http://www.inferico.com/kegg-cmpo.owl#Abst_Gene_hsa_2249>","FGF4, HBGF-4, HST, HST-1, HSTF1, K-FGF, KFGF; fibroblast growth factor 4; K04358 fibroblast growth factor","<http://www.inferico.com/kegg-cmpo.owl#POGene>","<http://www.geneontology.org/go#GO_0008284>"
"<http://www.inferico.com/kegg-cmpo.owl#Abst_Gene_hsa_2250>","FGF5, HBGF-5, Smag-82, TCMGLY; fibroblast growth factor 5; K04358 fibroblast growth factor","<http://www.inferico.com/kegg-cmpo.owl#POGene>","<http://www.geneontology.org/go#GO_0008284>"
"<http://www.inferico.com/kegg-cmpo.owl#Abst_Gene_hsa_2250>","FGF5, HBGF-5, Smag-82, TCMGLY; fibroblast growth factor 5; K04358 fibroblast growth factor","<http://www.inferico.com/kegg-cmpo.owl#POGene>","<http://www.geneontology.org/go#GO_0008283>"
"<http://www.inferico.com/kegg-cmpo.owl#Abst_Gene_hsa_2251>","FGF6, HBGF-6, HST2; fibroblast growth factor 6; K04358 fibroblast growth factor","<http://www.inferico.com/kegg-cmpo.owl#POGene>","<http://www.geneontology.org/go#GO_0008284>"
"<http://www.inferico.com/kegg-cmpo.owl#Abst_Gene_hsa_2251>","FGF6, HBGF-6, HST2; fibroblast growth factor 6; K04358 fibroblast growth factor","<http://www.inferico.com/kegg-cmpo.owl#POGene>","<http://www.geneontology.org/go#GO_0001525>"
"<http://www.inferico.com/kegg-cmpo.owl#Abst_Gene_hsa_2251>","FGF6, HBGF-6, HST2; fibroblast growth factor 6; K04358 fibroblast growth factor","<http://www.inferico.com/kegg-cmpo.owl#POGene>","<http://www.geneontology.org/go#GO_0008283>"
"<http://www.inferico.com/kegg-cmpo.owl#Abst_Gene_hsa_2263>","FGFR2, BBDS, BEK, BFR-1, CD332, CEK3, CFD1, ECT1, JWS, K-SAM, KGFR, TK14, TK25; fibroblast growth factor receptor 2 (EC:2.7.10.1); K05093 fibroblast growth factor receptor 2 [EC:2.7.10.1]","<http://www.inferico.com/kegg-cmpo.owl#POGene>","<http://www.geneontology.org/go#GO_0008285>"
"<http://www.inferico.com/kegg-cmpo.owl#Abst_Gene_hsa_2263>","FGFR2, BBDS, BEK, BFR-1, CD332, CEK3, CFD1, ECT1, JWS, K-SAM, KGFR, TK14, TK25; fibroblast growth factor receptor 2 (EC:2.7.10.1); K05093 fibroblast growth factor receptor 2 [EC:2.7.10.1]","<http://www.inferico.com/kegg-cmpo.owl#POGene>","<http://www.geneontology.org/go#GO_0008284>"
"<http://www.inferico.com/kegg-cmpo.owl#Abst_Gene_hsa_2263>","FGFR2, BBDS, BEK, BFR-1, CD332, CEK3, CFD1, ECT1, JWS, K-SAM, KGFR, TK14, TK25; fibroblast growth factor receptor 2 (EC:2.7.10.1); K05093 fibroblast growth factor receptor 2 [EC:2.7.10.1]","<http://www.inferico.com/kegg-cmpo.owl#POGene>","<http://www.geneontology.org/go#GO_0001525>"
"<http://www.inferico.com/kegg-cmpo.owl#Abst_Gene_hsa_2263>","FGFR2, BBDS, BEK, BFR-1, CD332, CEK3, CFD1, ECT1, JWS, K-SAM, KGFR, TK14, TK25; fibroblast growth factor receptor 2 (EC:2.7.10.1); K05093 fibroblast growth factor receptor 2 [EC:2.7.10.1]","<http://www.inferico.com/kegg-cmpo.owl#POGene>","<http://www.geneontology.org/go#GO_0006915>"
"<http://www.inferico.com/kegg-cmpo.owl#Abst_Gene_hsa_2263>","FGFR2, BBDS, BEK, BFR-1, CD332, CEK3, CFD1, ECT1, JWS, K-SAM, KGFR, TK14, TK25; fibroblast growth factor receptor 2 (EC:2.7.10.1); K05093 fibroblast growth factor receptor 2 [EC:2.7.10.1]","<http://www.inferico.com/kegg-cmpo.owl#POGene>","<http://www.geneontology.org/go#GO_0042127>"
"<http://www.inferico.com/kegg-cmpo.owl#Abst_Gene_hsa_2308>","FOXO1, FKH1, FKHR, FOXO1A; forkhead box O1; K07201 forkhead box protein O1","<http://www.inferico.com/kegg-cmpo.owl#POGene>","<http://www.geneontology.org/go#GO_0043066>"
"<http://www.inferico.com/kegg-cmpo.owl#Abst_Gene_hsa_2308>","FOXO1, FKH1, FKHR, FOXO1A; forkhead box O1; K07201 forkhead box protein O1","<http://www.inferico.com/kegg-cmpo.owl#POGene>","<http://www.geneontology.org/go#GO_0043065>"
"<http://www.inferico.com/kegg-cmpo.owl#Abst_Gene_hsa_2308>","FOXO1, FKH1, FKHR, FOXO1A; forkhead box O1; K07201 forkhead box protein O1","<http://www.inferico.com/kegg-cmpo.owl#POGene>","<http://www.geneontology.org/go#GO_0006915>"
"<http://www.inferico.com/kegg-cmpo.owl#Abst_Gene_hsa_2308>","FOXO1, FKH1, FKHR, FOXO1A; forkhead box O1; K07201 forkhead box protein O1","<http://www.inferico.com/kegg-cmpo.owl#POGene>","<http://www.geneontology.org/go#GO_0042127>"
"<http://www.inferico.com/kegg-cmpo.owl#Abst_Gene_hsa_2309>","FOXO3, AF6q21, FKHRL1, FKHRL1P2, FOXO2, FOXO3A; forkhead box O3; K09408 forkhead box protein O3","<http://www.inferico.com/kegg-cmpo.owl#POGene>","<http://www.geneontology.org/go#GO_0006915>"
"<http://www.inferico.com/kegg-cmpo.owl#Abst_Gene_hsa_2322>","FLT3, CD135, FLK-2, FLK2, STK1; fms-related tyrosine kinase 3 (EC:2.7.10.1); K05092 fms-related tyrosine kinase 3 [EC:2.7.10.1]","<http://www.inferico.com/kegg-cmpo.owl#POGene>","<http://www.geneontology.org/go#GO_0008285>"
"<http://www.inferico.com/kegg-cmpo.owl#Abst_Gene_hsa_2322>","FLT3, CD135, FLK-2, FLK2, STK1; fms-related tyrosine kinase 3 (EC:2.7.10.1); K05092 fms-related tyrosine kinase 3 [EC:2.7.10.1]","<http://www.inferico.com/kegg-cmpo.owl#POGene>","<http://www.geneontology.org/go#GO_0008284>"
"<http://www.inferico.com/kegg-cmpo.owl#Abst_Gene_hsa_2322>","FLT3, CD135, FLK-2, FLK2, STK1; fms-related tyrosine kinase 3 (EC:2.7.10.1); K05092 fms-related tyrosine kinase 3 [EC:2.7.10.1]","<http://www.inferico.com/kegg-cmpo.owl#POGene>","<http://www.geneontology.org/go#GO_0042981>"
"<http://www.inferico.com/kegg-cmpo.owl#Abst_Gene_hsa_23239>","PHLPP1, PHLPP, PLEKHE1, SCOP; PH domain and leucine rich repeat protein phosphatase 1 (EC:3.1.3.16); K16340 PH domain and leucine-rich repeat-containing protein phosphatase [EC:3.1.3.16]","<http://www.inferico.com/kegg-cmpo.owl#TSGene>","<http://www.geneontology.org/go#GO_0006915>"
"<http://www.inferico.com/kegg-cmpo.owl#Abst_Gene_hsa_25>","ABL1, ABL, JTK7, bcr/abl, c-ABL, c-ABL1, p150, v-abl; ABL proto-oncogene 1, non-receptor tyrosine kinase (EC:2.7.10.2); K06619 abelson tyrosine-protein kinase 1 [EC:2.7.10.2]","<http://www.inferico.com/kegg-cmpo.owl#POGene>","<http://www.geneontology.org/go#GO_0043065>"
"<http://www.inferico.com/kegg-cmpo.owl#Abst_Gene_hsa_25>","ABL1, ABL, JTK7, bcr/abl, c-ABL, c-ABL1, p150, v-abl; ABL proto-oncogene 1, non-receptor tyrosine kinase (EC:2.7.10.2); K06619 abelson tyrosine-protein kinase 1 [EC:2.7.10.2]","<http://www.inferico.com/kegg-cmpo.owl#POGene>","<http://www.geneontology.org/go#GO_0006915>"
"<http://www.inferico.com/kegg-cmpo.owl#Abst_Gene_hsa_25>","ABL1, ABL, JTK7, bcr/abl, c-ABL, c-ABL1, p150, v-abl; ABL proto-oncogene 1, non-receptor tyrosine kinase (EC:2.7.10.2); K06619 abelson tyrosine-protein kinase 1 [EC:2.7.10.2]","<http://www.inferico.com/kegg-cmpo.owl#POGene>","<http://www.geneontology.org/go#GO_0042127>"
"<http://www.inferico.com/kegg-cmpo.owl#Abst_Gene_hsa_2735>","GLI1, GLI; GLI family zinc finger 1; K16797 zinc finger protein GLI1","<http://www.inferico.com/kegg-cmpo.owl#POGene>","<http://www.geneontology.org/go#GO_0008284>"
"<http://www.inferico.com/kegg-cmpo.owl#Abst_Gene_hsa_324>","APC, BTPS2, DP2, DP2.5, DP3, GS, PPP1R46; adenomatous polyposis coli; K02085 adenomatosis polyposis coli protein","<http://www.inferico.com/kegg-cmpo.owl#TSGene>","<http://www.geneontology.org/go#GO_0043066>"
"<http://www.inferico.com/kegg-cmpo.owl#Abst_Gene_hsa_324>","APC, BTPS2, DP2, DP2.5, DP3, GS, PPP1R46; adenomatous polyposis coli; K02085 adenomatosis polyposis coli protein","<http://www.inferico.com/kegg-cmpo.owl#TSGene>","<http://www.geneontology.org/go#GO_0008285>"
"<http://www.inferico.com/kegg-cmpo.owl#Abst_Gene_hsa_324>","APC, BTPS2, DP2, DP2.5, DP3, GS, PPP1R46; adenomatous polyposis coli; K02085 adenomatosis polyposis coli protein","<http://www.inferico.com/kegg-cmpo.owl#TSGene>","<http://www.geneontology.org/go#GO_0043065>"
"<http://www.inferico.com/kegg-cmpo.owl#Abst_Gene_hsa_324>","APC, BTPS2, DP2, DP2.5, DP3, GS, PPP1R46; adenomatous polyposis coli; K02085 adenomatosis polyposis coli protein","<http://www.inferico.com/kegg-cmpo.owl#TSGene>","<http://www.geneontology.org/go#GO_0006915>"
"<http://www.inferico.com/kegg-cmpo.owl#Abst_Gene_hsa_3265>","HRAS, C-BAS/HAS, C-H-RAS, C-HA-RAS1, CTLO, H-RASIDX, HAMSV, HRAS1, RASH1, p21ras; Harvey rat sarcoma viral oncogene homolog; K02833 GTPase HRas","<http://www.inferico.com/kegg-cmpo.owl#POGene>","<http://www.geneontology.org/go#GO_0008285>"
"<http://www.inferico.com/kegg-cmpo.owl#Abst_Gene_hsa_3265>","HRAS, C-BAS/HAS, C-H-RAS, C-HA-RAS1, CTLO, H-RASIDX, HAMSV, HRAS1, RASH1, p21ras; Harvey rat sarcoma viral oncogene homolog; K02833 GTPase HRas","<http://www.inferico.com/kegg-cmpo.owl#POGene>","<http://www.geneontology.org/go#GO_0008284>"
"<http://www.inferico.com/kegg-cmpo.owl#Abst_Gene_hsa_3265>","HRAS, C-BAS/HAS, C-H-RAS, C-HA-RAS1, CTLO, H-RASIDX, HAMSV, HRAS1, RASH1, p21ras; Harvey rat sarcoma viral oncogene homolog; K02833 GTPase HRas","<http://www.inferico.com/kegg-cmpo.owl#POGene>","<http://www.geneontology.org/go#GO_0006915>"
"<http://www.inferico.com/kegg-cmpo.owl#Abst_Gene_hsa_3265>","HRAS, C-BAS/HAS, C-H-RAS, C-HA-RAS1, CTLO, H-RASIDX, HAMSV, HRAS1, RASH1, p21ras; Harvey rat sarcoma viral oncogene homolog; K02833 GTPase HRas","<http://www.inferico.com/kegg-cmpo.owl#POGene>","<http://www.geneontology.org/go#GO_0008283>"
"<http://www.inferico.com/kegg-cmpo.owl#Abst_Gene_hsa_3558>","IL2, IL-2, TCGF, lymphokine; interleukin 2; K05429 interleukin 2","<http://www.inferico.com/kegg-cmpo.owl#POGene>","<http://www.geneontology.org/go#GO_0043066>"
"<http://www.inferico.com/kegg-cmpo.owl#Abst_Gene_hsa_3558>","IL2, IL-2, TCGF, lymphokine; interleukin 2; K05429 interleukin 2","<http://www.inferico.com/kegg-cmpo.owl#POGene>","<http://www.geneontology.org/go#GO_0008284>"
"<http://www.inferico.com/kegg-cmpo.owl#Abst_Gene_hsa_369>","ARAF, A-RAF, ARAF1, PKS2, RAFA1; A-Raf proto-oncogene, serine/threonine kinase (EC:2.7.11.1); K08845 A-Raf proto-oncogene serine/threonine-protein kinase [EC:2.7.11.1]","<http://www.inferico.com/kegg-cmpo.owl#POGene>","<http://www.geneontology.org/go#GO_0043066>"
"<http://www.inferico.com/kegg-cmpo.owl#Abst_Gene_hsa_3717>","JAK2, JTK10, THCYT3; Janus kinase 2 (EC:2.7.10.2); K04447 Janus kinase 2 [EC:2.7.10.2]","<http://www.inferico.com/kegg-cmpo.owl#POGene>","<http://www.geneontology.org/go#GO_0043066>"
"<http://www.inferico.com/kegg-cmpo.owl#Abst_Gene_hsa_3717>","JAK2, JTK10, THCYT3; Janus kinase 2 (EC:2.7.10.2); K04447 Janus kinase 2 [EC:2.7.10.2]","<http://www.inferico.com/kegg-cmpo.owl#POGene>","<http://www.geneontology.org/go#GO_0008285>"
"<http://www.inferico.com/kegg-cmpo.owl#Abst_Gene_hsa_3717>","JAK2, JTK10, THCYT3; Janus kinase 2 (EC:2.7.10.2); K04447 Janus kinase 2 [EC:2.7.10.2]","<http://www.inferico.com/kegg-cmpo.owl#POGene>","<http://www.geneontology.org/go#GO_0043065>"
"<http://www.inferico.com/kegg-cmpo.owl#Abst_Gene_hsa_3717>","JAK2, JTK10, THCYT3; Janus kinase 2 (EC:2.7.10.2); K04447 Janus kinase 2 [EC:2.7.10.2]","<http://www.inferico.com/kegg-cmpo.owl#POGene>","<http://www.geneontology.org/go#GO_0008284>"
"<http://www.inferico.com/kegg-cmpo.owl#Abst_Gene_hsa_3717>","JAK2, JTK10, THCYT3; Janus kinase 2 (EC:2.7.10.2); K04447 Janus kinase 2 [EC:2.7.10.2]","<http://www.inferico.com/kegg-cmpo.owl#POGene>","<http://www.geneontology.org/go#GO_0006915>"
"<http://www.inferico.com/kegg-cmpo.owl#Abst_Gene_hsa_3717>","JAK2, JTK10, THCYT3; Janus kinase 2 (EC:2.7.10.2); K04447 Janus kinase 2 [EC:2.7.10.2]","<http://www.inferico.com/kegg-cmpo.owl#POGene>","<http://www.geneontology.org/go#GO_0042127>"
"<http://www.inferico.com/kegg-cmpo.owl#Abst_Gene_hsa_3717>","JAK2, JTK10, THCYT3; Janus kinase 2 (EC:2.7.10.2); K04447 Janus kinase 2 [EC:2.7.10.2]","<http://www.inferico.com/kegg-cmpo.owl#POGene>","<http://www.geneontology.org/go#GO_0042981>"
"<http://www.inferico.com/kegg-cmpo.owl#Abst_Gene_hsa_3725>","JUN, AP-1, AP1, c-Jun; jun proto-oncogene; K04448 transcription factor AP-1","<http://www.inferico.com/kegg-cmpo.owl#POGene>","<http://www.geneontology.org/go#GO_0043066>"
"<http://www.inferico.com/kegg-cmpo.owl#Abst_Gene_hsa_3725>","JUN, AP-1, AP1, c-Jun; jun proto-oncogene; K04448 transcription factor AP-1","<http://www.inferico.com/kegg-cmpo.owl#POGene>","<http://www.geneontology.org/go#GO_0008285>"
"<http://www.inferico.com/kegg-cmpo.owl#Abst_Gene_hsa_3725>","JUN, AP-1, AP1, c-Jun; jun proto-oncogene; K04448 transcription factor AP-1","<http://www.inferico.com/kegg-cmpo.owl#POGene>","<http://www.geneontology.org/go#GO_0043065>"
"<http://www.inferico.com/kegg-cmpo.owl#Abst_Gene_hsa_3725>","JUN, AP-1, AP1, c-Jun; jun proto-oncogene; K04448 transcription factor AP-1","<http://www.inferico.com/kegg-cmpo.owl#POGene>","<http://www.geneontology.org/go#GO_0008284>"
"<http://www.inferico.com/kegg-cmpo.owl#Abst_Gene_hsa_3725>","JUN, AP-1, AP1, c-Jun; jun proto-oncogene; K04448 transcription factor AP-1","<http://www.inferico.com/kegg-cmpo.owl#POGene>","<http://www.geneontology.org/go#GO_0001525>"
"<http://www.inferico.com/kegg-cmpo.owl#Abst_Gene_hsa_3725>","JUN, AP-1, AP1, c-Jun; jun proto-oncogene; K04448 transcription factor AP-1","<http://www.inferico.com/kegg-cmpo.owl#POGene>","<http://www.geneontology.org/go#GO_0042127>"
"<http://www.inferico.com/kegg-cmpo.owl#Abst_Gene_hsa_3815>","KIT, C-Kit, CD117, PBT, SCFR; v-kit Hardy-Zuckerman 4 feline sarcoma viral oncogene homolog (EC:2.7.10.1); K05091 proto-oncogene tyrosine-protein kinase Kit [EC:2.7.10.1]","<http://www.inferico.com/kegg-cmpo.owl#POGene>","<http://www.geneontology.org/go#GO_0008284>"
"<http://www.inferico.com/kegg-cmpo.owl#Abst_Gene_hsa_3815>","KIT, C-Kit, CD117, PBT, SCFR; v-kit Hardy-Zuckerman 4 feline sarcoma viral oncogene homolog (EC:2.7.10.1); K05091 proto-oncogene tyrosine-protein kinase Kit [EC:2.7.10.1]","<http://www.inferico.com/kegg-cmpo.owl#POGene>","<http://www.geneontology.org/go#GO_0042127>"
"<http://www.inferico.com/kegg-cmpo.owl#Abst_Gene_hsa_3845>","KRAS, C-K-RAS, CFC2, K-RAS2A, K-RAS2B, K-RAS4A, K-RAS4B, KI-RAS, KRAS1, KRAS2, NS, NS3, RASK2; Kirsten rat sarcoma viral oncogene homolog; K07827 GTPase KRas","<http://www.inferico.com/kegg-cmpo.owl#POGene>","<http://www.geneontology.org/go#GO_0008284>"
"<http://www.inferico.com/kegg-cmpo.owl#Abst_Gene_hsa_4193>","MDM2, ACTFS, HDMX, hdm2; MDM2 proto-oncogene, E3 ubiquitin protein ligase; K06643 E3 ubiquitin-protein ligase Mdm2 [EC:6.3.2.19]","<http://www.inferico.com/kegg-cmpo.owl#POGene>","<http://www.geneontology.org/go#GO_0043066>"
"<http://www.inferico.com/kegg-cmpo.owl#Abst_Gene_hsa_4193>","MDM2, ACTFS, HDMX, hdm2; MDM2 proto-oncogene, E3 ubiquitin protein ligase; K06643 E3 ubiquitin-protein ligase Mdm2 [EC:6.3.2.19]","<http://www.inferico.com/kegg-cmpo.owl#POGene>","<http://www.geneontology.org/go#GO_0008284>"
"<http://www.inferico.com/kegg-cmpo.owl#Abst_Gene_hsa_4233>","MET, AUTS9, HGFR, RCCP2, c-Met; MET proto-oncogene, receptor tyrosine kinase (EC:2.7.10.1); K05099 proto-oncogene tyrosine-protein kinase Met [EC:2.7.10.1]","<http://www.inferico.com/kegg-cmpo.owl#POGene>","<http://www.geneontology.org/go#GO_0008283>"
"<http://www.inferico.com/kegg-cmpo.owl#Abst_Gene_hsa_4303>","FOXO4, AFX, AFX1, MLLT7; forkhead box O4; K12358 forkhead box protein O4","<http://www.inferico.com/kegg-cmpo.owl#POGene>","<http://www.geneontology.org/go#GO_0016525>"
"<http://www.inferico.com/kegg-cmpo.owl#Abst_Gene_hsa_4303>","FOXO4, AFX, AFX1, MLLT7; forkhead box O4; K12358 forkhead box protein O4","<http://www.inferico.com/kegg-cmpo.owl#POGene>","<http://www.geneontology.org/go#GO_0008285>"
"<http://www.inferico.com/kegg-cmpo.owl#Abst_Gene_hsa_4515>","MTCP1, P13MTCP1, p8MTCP1; mature T-cell proliferation 1; K16837 mature T-cell proliferation-1 type B1","<http://www.inferico.com/kegg-cmpo.owl#POGene>","<http://www.geneontology.org/go#GO_0008283>"
"<http://www.inferico.com/kegg-cmpo.owl#Abst_Gene_hsa_4609>","MYC, MRTL, MYCC, bHLHe39, c-Myc; v-myc avian myelocytomatosis viral oncogene homolog; K04377 Myc proto-oncogene protein","<http://www.inferico.com/kegg-cmpo.owl#POGene>","<http://www.geneontology.org/go#GO_0043066>"
"<http://www.inferico.com/kegg-cmpo.owl#Abst_Gene_hsa_4609>","MYC, MRTL, MYCC, bHLHe39, c-Myc; v-myc avian myelocytomatosis viral oncogene homolog; K04377 Myc proto-oncogene protein","<http://www.inferico.com/kegg-cmpo.owl#POGene>","<http://www.geneontology.org/go#GO_0008284>"
"<http://www.inferico.com/kegg-cmpo.owl#Abst_Gene_hsa_472>","ATM, AT1, ATA, ATC, ATD, ATDC, ATE, TEL1, TELO1; ATM serine/threonine kinase (EC:2.7.11.1); K04728 ataxia telangiectasia mutated family protein [EC:2.7.11.1]","<http://www.inferico.com/kegg-cmpo.owl#TSGene>","<http://www.geneontology.org/go#GO_0043065>"
"<http://www.inferico.com/kegg-cmpo.owl#Abst_Gene_hsa_472>","ATM, AT1, ATA, ATC, ATD, ATDC, ATE, TEL1, TELO1; ATM serine/threonine kinase (EC:2.7.11.1); K04728 ataxia telangiectasia mutated family protein [EC:2.7.11.1]","<http://www.inferico.com/kegg-cmpo.owl#TSGene>","<http://www.geneontology.org/go#GO_0006915>"
"<http://www.inferico.com/kegg-cmpo.owl#Abst_Gene_hsa_4763>","NF1, NFNS, VRNF, WSS; neurofibromin 1; K08052 neurofibromin 1","<http://www.inferico.com/kegg-cmpo.owl#TSGene>","<http://www.geneontology.org/go#GO_0016525>"
"<http://www.inferico.com/kegg-cmpo.owl#Abst_Gene_hsa_4763>","NF1, NFNS, VRNF, WSS; neurofibromin 1; K08052 neurofibromin 1","<http://www.inferico.com/kegg-cmpo.owl#TSGene>","<http://www.geneontology.org/go#GO_0008285>"
"<http://www.inferico.com/kegg-cmpo.owl#Abst_Gene_hsa_4763>","NF1, NFNS, VRNF, WSS; neurofibromin 1; K08052 neurofibromin 1","<http://www.inferico.com/kegg-cmpo.owl#TSGene>","<http://www.geneontology.org/go#GO_0043065>"
"<http://www.inferico.com/kegg-cmpo.owl#Abst_Gene_hsa_4763>","NF1, NFNS, VRNF, WSS; neurofibromin 1; K08052 neurofibromin 1","<http://www.inferico.com/kegg-cmpo.owl#TSGene>","<http://www.geneontology.org/go#GO_0042127>"
"<http://www.inferico.com/kegg-cmpo.owl#Abst_Gene_hsa_4763>","NF1, NFNS, VRNF, WSS; neurofibromin 1; K08052 neurofibromin 1","<http://www.inferico.com/kegg-cmpo.owl#TSGene>","<http://www.geneontology.org/go#GO_0045765>"
"<http://www.inferico.com/kegg-cmpo.owl#Abst_Gene_hsa_4824>","NKX3-1, BAPX2, NKX3, NKX3.1, NKX3A; NK3 homeobox 1; K09348 homeobox protein Nkx-3.1","<http://www.inferico.com/kegg-cmpo.owl#TSGene>","<http://www.geneontology.org/go#GO_0008285>"
"<http://www.inferico.com/kegg-cmpo.owl#Abst_Gene_hsa_4824>","NKX3-1, BAPX2, NKX3, NKX3.1, NKX3A; NK3 homeobox 1; K09348 homeobox protein Nkx-3.1","<http://www.inferico.com/kegg-cmpo.owl#TSGene>","<http://www.geneontology.org/go#GO_0008284>"
"<http://www.inferico.com/kegg-cmpo.owl#Abst_Gene_hsa_4893>","NRAS, ALPS4, CMNS, N-ras, NCMS, NRAS1, NS6; neuroblastoma RAS viral (v-ras) oncogene homolog; K07828 GTPase NRas","<http://www.inferico.com/kegg-cmpo.owl#POGene>","<http://www.geneontology.org/go#GO_0008284>"
"<http://www.inferico.com/kegg-cmpo.owl#Abst_Gene_hsa_4914>","NTRK1, MTC, TRK, TRK1, TRKA, Trk-A, p140-TrkA; neurotrophic tyrosine kinase, receptor, type 1 (EC:2.7.10.1); K03176 neurotrophic tyrosine kinase receptor type 1 [EC:2.7.10.1]","<http://www.inferico.com/kegg-cmpo.owl#POGene>","<http://www.geneontology.org/go#GO_0008285>"
"<http://www.inferico.com/kegg-cmpo.owl#Abst_Gene_hsa_4914>","NTRK1, MTC, TRK, TRK1, TRKA, Trk-A, p140-TrkA; neurotrophic tyrosine kinase, receptor, type 1 (EC:2.7.10.1); K03176 neurotrophic tyrosine kinase receptor type 1 [EC:2.7.10.1]","<http://www.inferico.com/kegg-cmpo.owl#POGene>","<http://www.geneontology.org/go#GO_0045766>"
"<http://www.inferico.com/kegg-cmpo.owl#Abst_Gene_hsa_5155>","PDGFB, IBGC5, PDGF-2, PDGF2, SIS, SSV, c-sis; platelet-derived growth factor beta polypeptide; K17386 platelet-derived growth factor subunit B","<http://www.inferico.com/kegg-cmpo.owl#POGene>","<http://www.geneontology.org/go#GO_0008284>"
"<http://www.inferico.com/kegg-cmpo.owl#Abst_Gene_hsa_5155>","PDGFB, IBGC5, PDGF-2, PDGF2, SIS, SSV, c-sis; platelet-derived growth factor beta polypeptide; K17386 platelet-derived growth factor subunit B","<http://www.inferico.com/kegg-cmpo.owl#POGene>","<http://www.geneontology.org/go#GO_0042127>"
"<http://www.inferico.com/kegg-cmpo.owl#Abst_Gene_hsa_5156>","PDGFRA, CD140A, PDGFR-2, PDGFR2, RHEPDGFRA; platelet-derived growth factor receptor, alpha polypeptide (EC:2.7.10.1); K04363 platelet-derived growth factor receptor alpha [EC:2.7.10.1]","<http://www.inferico.com/kegg-cmpo.owl#POGene>","<http://www.geneontology.org/go#GO_0008284>"
"<http://www.inferico.com/kegg-cmpo.owl#Abst_Gene_hsa_5159>","PDGFRB, CD140B, IBGC4, IMF1, JTK12, PDGFR, PDGFR-1, PDGFR1; platelet-derived growth factor receptor, beta polypeptide (EC:2.7.10.1); K05089 platelet-derived growth factor receptor beta [EC:2.7.10.1]","<http://www.inferico.com/kegg-cmpo.owl#POGene>","<http://www.geneontology.org/go#GO_0043066>"
"<http://www.inferico.com/kegg-cmpo.owl#Abst_Gene_hsa_5159>","PDGFRB, CD140B, IBGC4, IMF1, JTK12, PDGFR, PDGFR-1, PDGFR1; platelet-derived growth factor receptor, beta polypeptide (EC:2.7.10.1); K05089 platelet-derived growth factor receptor beta [EC:2.7.10.1]","<http://www.inferico.com/kegg-cmpo.owl#POGene>","<http://www.geneontology.org/go#GO_0008284>"
"<http://www.inferico.com/kegg-cmpo.owl#Abst_Gene_hsa_5290>","PIK3CA, CLOVE, CWS5, MCAP, MCM, MCMTC, PI3K, p110-alpha; phosphatidylinositol-4,5-bisphosphate 3-kinase, catalytic subunit alpha (EC:2.7.11.1 2.7.1.153); K00922 phosphatidylinositol-4,5-bisphosphate 3-kinase [EC:2.7.1.153]","<http://www.inferico.com/kegg-cmpo.owl#POGene>","<http://www.geneontology.org/go#GO_0001525>"
"<http://www.inferico.com/kegg-cmpo.owl#Abst_Gene_hsa_5371>","PML, MYL, PP8675, RNF71, TRIM19; promyelocytic leukemia; K10054 probable transcription factor PML","<http://www.inferico.com/kegg-cmpo.owl#POGene>","<http://www.geneontology.org/go#GO_0016525>"
"<http://www.inferico.com/kegg-cmpo.owl#Abst_Gene_hsa_5371>","PML, MYL, PP8675, RNF71, TRIM19; promyelocytic leukemia; K10054 probable transcription factor PML","<http://www.inferico.com/kegg-cmpo.owl#TSGene>","<http://www.geneontology.org/go#GO_0016525>"
"<http://www.inferico.com/kegg-cmpo.owl#Abst_Gene_hsa_5371>","PML, MYL, PP8675, RNF71, TRIM19; promyelocytic leukemia; K10054 probable transcription factor PML","<http://www.inferico.com/kegg-cmpo.owl#POGene>","<http://www.geneontology.org/go#GO_0008285>"
"<http://www.inferico.com/kegg-cmpo.owl#Abst_Gene_hsa_5371>","PML, MYL, PP8675, RNF71, TRIM19; promyelocytic leukemia; K10054 probable transcription factor PML","<http://www.inferico.com/kegg-cmpo.owl#TSGene>","<http://www.geneontology.org/go#GO_0008285>"
"<http://www.inferico.com/kegg-cmpo.owl#Abst_Gene_hsa_5371>","PML, MYL, PP8675, RNF71, TRIM19; promyelocytic leukemia; K10054 probable transcription factor PML","<http://www.inferico.com/kegg-cmpo.owl#POGene>","<http://www.geneontology.org/go#GO_0006915>"
"<http://www.inferico.com/kegg-cmpo.owl#Abst_Gene_hsa_5371>","PML, MYL, PP8675, RNF71, TRIM19; promyelocytic leukemia; K10054 probable transcription factor PML","<http://www.inferico.com/kegg-cmpo.owl#TSGene>","<http://www.geneontology.org/go#GO_0006915>"
"<http://www.inferico.com/kegg-cmpo.owl#Abst_Gene_hsa_5578>","PRKCA, AAG6, PKC-alpha, PKCA, PRKACA; protein kinase C, alpha (EC:2.7.11.13); K02677 classical protein kinase C [EC:2.7.11.13]","<http://www.inferico.com/kegg-cmpo.owl#POGene>","<http://www.geneontology.org/go#GO_0008285>"
"<http://www.inferico.com/kegg-cmpo.owl#Abst_Gene_hsa_5578>","PRKCA, AAG6, PKC-alpha, PKCA, PRKACA; protein kinase C, alpha (EC:2.7.11.13); K02677 classical protein kinase C [EC:2.7.11.13]","<http://www.inferico.com/kegg-cmpo.owl#POGene>","<http://www.geneontology.org/go#GO_0045766>"
"<http://www.inferico.com/kegg-cmpo.owl#Abst_Gene_hsa_5578>","PRKCA, AAG6, PKC-alpha, PKCA, PRKACA; protein kinase C, alpha (EC:2.7.11.13); K02677 classical protein kinase C [EC:2.7.11.13]","<http://www.inferico.com/kegg-cmpo.owl#POGene>","<http://www.geneontology.org/go#GO_0001525>"
"<http://www.inferico.com/kegg-cmpo.owl#Abst_Gene_hsa_5578>","PRKCA, AAG6, PKC-alpha, PKCA, PRKACA; protein kinase C, alpha (EC:2.7.11.13); K02677 classical protein kinase C [EC:2.7.11.13]","<http://www.inferico.com/kegg-cmpo.owl#POGene>","<http://www.geneontology.org/go#GO_0006915>"
"<http://www.inferico.com/kegg-cmpo.owl#Abst_Gene_hsa_5727>","PTCH1, BCNS, HPE7, NBCCS, PTC, PTC1, PTCH, PTCH11; patched 1; K06225 patched 1","<http://www.inferico.com/kegg-cmpo.owl#TSGene>","<http://www.geneontology.org/go#GO_0008285>"
"<http://www.inferico.com/kegg-cmpo.owl#Abst_Gene_hsa_5727>","PTCH1, BCNS, HPE7, NBCCS, PTC, PTC1, PTCH, PTCH11; patched 1; K06225 patched 1","<http://www.inferico.com/kegg-cmpo.owl#TSGene>","<http://www.geneontology.org/go#GO_0042127>"
"<http://www.inferico.com/kegg-cmpo.owl#Abst_Gene_hsa_5728>","PTEN, 10q23del, BZS, CWS1, DEC, GLM2, MHAM, MMAC1, PTEN1, TEP1; phosphatase and tensin homolog (EC:3.1.3.67 3.1.3.16 3.1.3.48); K01110 phosphatidylinositol-3,4,5-trisphosphate 3-phosphatase and dual-specificity protein phosphatase PTEN [EC:3.1.3.16 3.1.3.48 3.1.3.67]","<http://www.inferico.com/kegg-cmpo.owl#TSGene>","<http://www.geneontology.org/go#GO_0043066>"
"<http://www.inferico.com/kegg-cmpo.owl#Abst_Gene_hsa_5728>","PTEN, 10q23del, BZS, CWS1, DEC, GLM2, MHAM, MMAC1, PTEN1, TEP1; phosphatase and tensin homolog (EC:3.1.3.67 3.1.3.16 3.1.3.48); K01110 phosphatidylinositol-3,4,5-trisphosphate 3-phosphatase and dual-specificity protein phosphatase PTEN [EC:3.1.3.16 3.1.3.48 3.1.3.67]","<http://www.inferico.com/kegg-cmpo.owl#TSGene>","<http://www.geneontology.org/go#GO_0008285>"
"<http://www.inferico.com/kegg-cmpo.owl#Abst_Gene_hsa_5728>","PTEN, 10q23del, BZS, CWS1, DEC, GLM2, MHAM, MMAC1, PTEN1, TEP1; phosphatase and tensin homolog (EC:3.1.3.67 3.1.3.16 3.1.3.48); K01110 phosphatidylinositol-3,4,5-trisphosphate 3-phosphatase and dual-specificity protein phosphatase PTEN [EC:3.1.3.16 3.1.3.48 3.1.3.67]","<http://www.inferico.com/kegg-cmpo.owl#TSGene>","<http://www.geneontology.org/go#GO_0043065>"
"<http://www.inferico.com/kegg-cmpo.owl#Abst_Gene_hsa_5728>","PTEN, 10q23del, BZS, CWS1, DEC, GLM2, MHAM, MMAC1, PTEN1, TEP1; phosphatase and tensin homolog (EC:3.1.3.67 3.1.3.16 3.1.3.48); K01110 phosphatidylinositol-3,4,5-trisphosphate 3-phosphatase and dual-specificity protein phosphatase PTEN [EC:3.1.3.16 3.1.3.48 3.1.3.67]","<http://www.inferico.com/kegg-cmpo.owl#TSGene>","<http://www.geneontology.org/go#GO_0008284>"
"<http://www.inferico.com/kegg-cmpo.owl#Abst_Gene_hsa_5728>","PTEN, 10q23del, BZS, CWS1, DEC, GLM2, MHAM, MMAC1, PTEN1, TEP1; phosphatase and tensin homolog (EC:3.1.3.67 3.1.3.16 3.1.3.48); K01110 phosphatidylinositol-3,4,5-trisphosphate 3-phosphatase and dual-specificity protein phosphatase PTEN [EC:3.1.3.16 3.1.3.48 3.1.3.67]","<http://www.inferico.com/kegg-cmpo.owl#TSGene>","<http://www.geneontology.org/go#GO_0001525>"
"<http://www.inferico.com/kegg-cmpo.owl#Abst_Gene_hsa_5728>","PTEN, 10q23del, BZS, CWS1, DEC, GLM2, MHAM, MMAC1, PTEN1, TEP1; phosphatase and tensin homolog (EC:3.1.3.67 3.1.3.16 3.1.3.48); K01110 phosphatidylinositol-3,4,5-trisphosphate 3-phosphatase and dual-specificity protein phosphatase PTEN [EC:3.1.3.16 3.1.3.48 3.1.3.67]","<http://www.inferico.com/kegg-cmpo.owl#TSGene>","<http://www.geneontology.org/go#GO_0006915>"
"<http://www.inferico.com/kegg-cmpo.owl#Abst_Gene_hsa_5728>","PTEN, 10q23del, BZS, CWS1, DEC, GLM2, MHAM, MMAC1, PTEN1, TEP1; phosphatase and tensin homolog (EC:3.1.3.67 3.1.3.16 3.1.3.48); K01110 phosphatidylinositol-3,4,5-trisphosphate 3-phosphatase and dual-specificity protein phosphatase PTEN [EC:3.1.3.16 3.1.3.48 3.1.3.67]","<http://www.inferico.com/kegg-cmpo.owl#TSGene>","<http://www.geneontology.org/go#GO_0008283>"
"<http://www.inferico.com/kegg-cmpo.owl#Abst_Gene_hsa_581>","BAX, BCL2L4; BCL2-associated X protein; K02159 apoptosis regulator BAX","<http://www.inferico.com/kegg-cmpo.owl#TSGene>","<http://www.geneontology.org/go#GO_0008285>"
"<http://www.inferico.com/kegg-cmpo.owl#Abst_Gene_hsa_581>","BAX, BCL2L4; BCL2-associated X protein; K02159 apoptosis regulator BAX","<http://www.inferico.com/kegg-cmpo.owl#TSGene>","<http://www.geneontology.org/go#GO_0043065>"
"<http://www.inferico.com/kegg-cmpo.owl#Abst_Gene_hsa_581>","BAX, BCL2L4; BCL2-associated X protein; K02159 apoptosis regulator BAX","<http://www.inferico.com/kegg-cmpo.owl#TSGene>","<http://www.geneontology.org/go#GO_0042981>"
"<http://www.inferico.com/kegg-cmpo.owl#Abst_Gene_hsa_581>","BAX, BCL2L4; BCL2-associated X protein; K02159 apoptosis regulator BAX","<http://www.inferico.com/kegg-cmpo.owl#TSGene>","<http://www.geneontology.org/go#GO_0006915>"
"<http://www.inferico.com/kegg-cmpo.owl#Abst_Gene_hsa_581>","BAX, BCL2L4; BCL2-associated X protein; K02159 apoptosis regulator BAX","<http://www.inferico.com/kegg-cmpo.owl#TSGene>","<http://www.geneontology.org/go#GO_0008283>"
"<http://www.inferico.com/kegg-cmpo.owl#Abst_Gene_hsa_5894>","RAF1, CMD1NN, CRAF, NS5, Raf-1, c-Raf; Raf-1 proto-oncogene, serine/threonine kinase (EC:2.7.11.1); K04366 RAF proto-oncogene serine/threonine-protein kinase [EC:2.7.11.1]","<http://www.inferico.com/kegg-cmpo.owl#POGene>","<http://www.geneontology.org/go#GO_0043066>"
"<http://www.inferico.com/kegg-cmpo.owl#Abst_Gene_hsa_5894>","RAF1, CMD1NN, CRAF, NS5, Raf-1, c-Raf; Raf-1 proto-oncogene, serine/threonine kinase (EC:2.7.11.1); K04366 RAF proto-oncogene serine/threonine-protein kinase [EC:2.7.11.1]","<http://www.inferico.com/kegg-cmpo.owl#POGene>","<http://www.geneontology.org/go#GO_0008285>"
"<http://www.inferico.com/kegg-cmpo.owl#Abst_Gene_hsa_5894>","RAF1, CMD1NN, CRAF, NS5, Raf-1, c-Raf; Raf-1 proto-oncogene, serine/threonine kinase (EC:2.7.11.1); K04366 RAF proto-oncogene serine/threonine-protein kinase [EC:2.7.11.1]","<http://www.inferico.com/kegg-cmpo.owl#POGene>","<http://www.geneontology.org/go#GO_0006915>"
"<http://www.inferico.com/kegg-cmpo.owl#Abst_Gene_hsa_5894>","RAF1, CMD1NN, CRAF, NS5, Raf-1, c-Raf; Raf-1 proto-oncogene, serine/threonine kinase (EC:2.7.11.1); K04366 RAF proto-oncogene serine/threonine-protein kinase [EC:2.7.11.1]","<http://www.inferico.com/kegg-cmpo.owl#POGene>","<http://www.geneontology.org/go#GO_0008283>"
"<http://www.inferico.com/kegg-cmpo.owl#Abst_Gene_hsa_5894>","RAF1, CMD1NN, CRAF, NS5, Raf-1, c-Raf; Raf-1 proto-oncogene, serine/threonine kinase (EC:2.7.11.1); K04366 RAF proto-oncogene serine/threonine-protein kinase [EC:2.7.11.1]","<http://www.inferico.com/kegg-cmpo.owl#POGene>","<http://www.geneontology.org/go#GO_0042981>"
"<http://www.inferico.com/kegg-cmpo.owl#Abst_Gene_hsa_5914>","RARA, NR1B1, RAR; retinoic acid receptor, alpha; K08527 retinoic acid receptor alpha","<http://www.inferico.com/kegg-cmpo.owl#POGene>","<http://www.geneontology.org/go#GO_0043066>"
"<http://www.inferico.com/kegg-cmpo.owl#Abst_Gene_hsa_5914>","RARA, NR1B1, RAR; retinoic acid receptor, alpha; K08527 retinoic acid receptor alpha","<http://www.inferico.com/kegg-cmpo.owl#POGene>","<http://www.geneontology.org/go#GO_0008285>"
"<http://www.inferico.com/kegg-cmpo.owl#Abst_Gene_hsa_5914>","RARA, NR1B1, RAR; retinoic acid receptor, alpha; K08527 retinoic acid receptor alpha","<http://www.inferico.com/kegg-cmpo.owl#POGene>","<http://www.geneontology.org/go#GO_0008284>"
"<http://www.inferico.com/kegg-cmpo.owl#Abst_Gene_hsa_5914>","RARA, NR1B1, RAR; retinoic acid receptor, alpha; K08527 retinoic acid receptor alpha","<http://www.inferico.com/kegg-cmpo.owl#POGene>","<http://www.geneontology.org/go#GO_0042981>"
"<http://www.inferico.com/kegg-cmpo.owl#Abst_Gene_hsa_5915>","RARB, HAP, MCOPS12, NR1B2, RRB2; retinoic acid receptor, beta; K08528 retinoic acid receptor beta","<http://www.inferico.com/kegg-cmpo.owl#POGene>","<http://www.geneontology.org/go#GO_0043066>"
"<http://www.inferico.com/kegg-cmpo.owl#Abst_Gene_hsa_5915>","RARB, HAP, MCOPS12, NR1B2, RRB2; retinoic acid receptor, beta; K08528 retinoic acid receptor beta","<http://www.inferico.com/kegg-cmpo.owl#POGene>","<http://www.geneontology.org/go#GO_0008285>"
"<http://www.inferico.com/kegg-cmpo.owl#Abst_Gene_hsa_5915>","RARB, HAP, MCOPS12, NR1B2, RRB2; retinoic acid receptor, beta; K08528 retinoic acid receptor beta","<http://www.inferico.com/kegg-cmpo.owl#POGene>","<http://www.geneontology.org/go#GO_0043065>"
"<http://www.inferico.com/kegg-cmpo.owl#Abst_Gene_hsa_5915>","RARB, HAP, MCOPS12, NR1B2, RRB2; retinoic acid receptor, beta; K08528 retinoic acid receptor beta","<http://www.inferico.com/kegg-cmpo.owl#POGene>","<http://www.geneontology.org/go#GO_0008284>"
"<http://www.inferico.com/kegg-cmpo.owl#Abst_Gene_hsa_5925>","RB1, OSRC, PPP1R130, RB, p105-Rb, pRb, pp110; retinoblastoma 1; K06618 retinoblastoma-associated protein","<http://www.inferico.com/kegg-cmpo.owl#POGene>","<http://www.geneontology.org/go#GO_0008285>"
"<http://www.inferico.com/kegg-cmpo.owl#Abst_Gene_hsa_595>","CCND1, BCL1, D11S287E, PRAD1, U21B31; cyclin D1; K04503 cyclin D1","<http://www.inferico.com/kegg-cmpo.owl#POGene>","<http://www.geneontology.org/go#GO_0008284>"
"<http://www.inferico.com/kegg-cmpo.owl#Abst_Gene_hsa_596>","BCL2, Bcl-2, PPP1R50; B-cell CLL/lymphoma 2; K02161 apoptosis regulator BCL-2","<http://www.inferico.com/kegg-cmpo.owl#POGene>","<http://www.geneontology.org/go#GO_0043066>"
"<http://www.inferico.com/kegg-cmpo.owl#Abst_Gene_hsa_596>","BCL2, Bcl-2, PPP1R50; B-cell CLL/lymphoma 2; K02161 apoptosis regulator BCL-2","<http://www.inferico.com/kegg-cmpo.owl#POGene>","<http://www.geneontology.org/go#GO_0008285>"
"<http://www.inferico.com/kegg-cmpo.owl#Abst_Gene_hsa_596>","BCL2, Bcl-2, PPP1R50; B-cell CLL/lymphoma 2; K02161 apoptosis regulator BCL-2","<http://www.inferico.com/kegg-cmpo.owl#POGene>","<http://www.geneontology.org/go#GO_0008284>"
"<http://www.inferico.com/kegg-cmpo.owl#Abst_Gene_hsa_596>","BCL2, Bcl-2, PPP1R50; B-cell CLL/lymphoma 2; K02161 apoptosis regulator BCL-2","<http://www.inferico.com/kegg-cmpo.owl#POGene>","<http://www.geneontology.org/go#GO_0008283>"
"<http://www.inferico.com/kegg-cmpo.owl#Abst_Gene_hsa_596>","BCL2, Bcl-2, PPP1R50; B-cell CLL/lymphoma 2; K02161 apoptosis regulator BCL-2","<http://www.inferico.com/kegg-cmpo.owl#POGene>","<http://www.geneontology.org/go#GO_0042981>"
"<http://www.inferico.com/kegg-cmpo.owl#Abst_Gene_hsa_596>","BCL2, Bcl-2, PPP1R50; B-cell CLL/lymphoma 2; K02161 apoptosis regulator BCL-2","<http://www.inferico.com/kegg-cmpo.owl#POGene>","<http://www.geneontology.org/go#GO_0006915>"
"<http://www.inferico.com/kegg-cmpo.owl#Abst_Gene_hsa_6714>","SRC, ASV, SRC1, c-SRC, p60-Src; SRC proto-oncogene, non-receptor tyrosine kinase (EC:2.7.10.2); K05704 tyrosine-protein kinase Src [EC:2.7.10.2]","<http://www.inferico.com/kegg-cmpo.owl#POGene>","<http://www.geneontology.org/go#GO_0043066>"
"<http://www.inferico.com/kegg-cmpo.owl#Abst_Gene_hsa_6714>","SRC, ASV, SRC1, c-SRC, p60-Src; SRC proto-oncogene, non-receptor tyrosine kinase (EC:2.7.10.2); K05704 tyrosine-protein kinase Src [EC:2.7.10.2]","<http://www.inferico.com/kegg-cmpo.owl#POGene>","<http://www.geneontology.org/go#GO_0043065>"
"<http://www.inferico.com/kegg-cmpo.owl#Abst_Gene_hsa_6714>","SRC, ASV, SRC1, c-SRC, p60-Src; SRC proto-oncogene, non-receptor tyrosine kinase (EC:2.7.10.2); K05704 tyrosine-protein kinase Src [EC:2.7.10.2]","<http://www.inferico.com/kegg-cmpo.owl#POGene>","<http://www.geneontology.org/go#GO_0008283>"
"<http://www.inferico.com/kegg-cmpo.owl#Abst_Gene_hsa_6714>","SRC, ASV, SRC1, c-SRC, p60-Src; SRC proto-oncogene, non-receptor tyrosine kinase (EC:2.7.10.2); K05704 tyrosine-protein kinase Src [EC:2.7.10.2]","<http://www.inferico.com/kegg-cmpo.owl#POGene>","<http://www.geneontology.org/go#GO_0042127>"
"<http://www.inferico.com/kegg-cmpo.owl#Abst_Gene_hsa_672>","BRCA1, BRCAI, BRCC1, BROVCA1, IRIS, PNCA4, PPP1R53, PSCP, RNF53; breast cancer 1, early onset; K10605 breast cancer type 1 susceptibility protein","<http://www.inferico.com/kegg-cmpo.owl#TSGene>","<http://www.geneontology.org/go#GO_0045766>"
"<http://www.inferico.com/kegg-cmpo.owl#Abst_Gene_hsa_672>","BRCA1, BRCAI, BRCC1, BROVCA1, IRIS, PNCA4, PPP1R53, PSCP, RNF53; breast cancer 1, early onset; K10605 breast cancer type 1 susceptibility protein","<http://www.inferico.com/kegg-cmpo.owl#TSGene>","<http://www.geneontology.org/go#GO_0006915>"
"<http://www.inferico.com/kegg-cmpo.owl#Abst_Gene_hsa_672>","BRCA1, BRCAI, BRCC1, BROVCA1, IRIS, PNCA4, PPP1R53, PSCP, RNF53; breast cancer 1, early onset; K10605 breast cancer type 1 susceptibility protein","<http://www.inferico.com/kegg-cmpo.owl#TSGene>","<http://www.geneontology.org/go#GO_0042127>"
"<http://www.inferico.com/kegg-cmpo.owl#Abst_Gene_hsa_672>","BRCA1, BRCAI, BRCC1, BROVCA1, IRIS, PNCA4, PPP1R53, PSCP, RNF53; breast cancer 1, early onset; K10605 breast cancer type 1 susceptibility protein","<http://www.inferico.com/kegg-cmpo.owl#TSGene>","<http://www.geneontology.org/go#GO_0042981>"
"<http://www.inferico.com/kegg-cmpo.owl#Abst_Gene_hsa_673>","BRAF, B-RAF1, BRAF1, NS7, RAFB1; B-Raf proto-oncogene, serine/threonine kinase (EC:2.7.11.1); K04365 B-Raf proto-oncogene serine/threonine-protein kinase [EC:2.7.11.1]","<http://www.inferico.com/kegg-cmpo.owl#POGene>","<http://www.geneontology.org/go#GO_0043066>"
"<http://www.inferico.com/kegg-cmpo.owl#Abst_Gene_hsa_673>","BRAF, B-RAF1, BRAF1, NS7, RAFB1; B-Raf proto-oncogene, serine/threonine kinase (EC:2.7.11.1); K04365 B-Raf proto-oncogene serine/threonine-protein kinase [EC:2.7.11.1]","<http://www.inferico.com/kegg-cmpo.owl#POGene>","<http://www.geneontology.org/go#GO_0042127>"
"<http://www.inferico.com/kegg-cmpo.owl#Abst_Gene_hsa_675>","BRCA2, BRCC2, BROVCA2, FACD, FAD, FAD1, FANCD, FANCD1, GLM3, PNCA2; breast cancer 2, early onset; K08775 breast cancer 2 susceptibility protein","<http://www.inferico.com/kegg-cmpo.owl#TSGene>","<http://www.geneontology.org/go#GO_0008283>"
"<http://www.inferico.com/kegg-cmpo.owl#Abst_Gene_hsa_6794>","STK11, LKB1, PJS, hLKB1; serine/threonine kinase 11 (EC:2.7.11.1); K07298 serine/threonine-protein kinase 11","<http://www.inferico.com/kegg-cmpo.owl#TSGene>","<http://www.geneontology.org/go#GO_0008285>"
"<http://www.inferico.com/kegg-cmpo.owl#Abst_Gene_hsa_6794>","STK11, LKB1, PJS, hLKB1; serine/threonine kinase 11 (EC:2.7.11.1); K07298 serine/threonine-protein kinase 11","<http://www.inferico.com/kegg-cmpo.owl#TSGene>","<http://www.geneontology.org/go#GO_0006915>"
"<http://www.inferico.com/kegg-cmpo.owl#Abst_Gene_hsa_701>","BUB1B, BUB1beta, BUBR1, Bub1A, MAD3L, MVA1, SSK1, hBUBR1; BUB1 mitotic checkpoint serine/threonine kinase B (EC:2.7.11.1); K06637 mitotic checkpoint serine/threonine-protein kinase BUB1 beta [EC:2.7.11.1]","<http://www.inferico.com/kegg-cmpo.owl#TSGene>","<http://www.geneontology.org/go#GO_0006915>"
"<http://www.inferico.com/kegg-cmpo.owl#Abst_Gene_hsa_701>","BUB1B, BUB1beta, BUBR1, Bub1A, MAD3L, MVA1, SSK1, hBUBR1; BUB1 mitotic checkpoint serine/threonine kinase B (EC:2.7.11.1); K06637 mitotic checkpoint serine/threonine-protein kinase BUB1 beta [EC:2.7.11.1]","<http://www.inferico.com/kegg-cmpo.owl#TSGene>","<http://www.geneontology.org/go#GO_0008283>"
"<http://www.inferico.com/kegg-cmpo.owl#Abst_Gene_hsa_7157>","TP53, BCC7, LFS1, P53, TRP53; tumor protein p53; K04451 tumor protein p53","<http://www.inferico.com/kegg-cmpo.owl#TSGene>","<http://www.geneontology.org/go#GO_0043066>"
"<http://www.inferico.com/kegg-cmpo.owl#Abst_Gene_hsa_7157>","TP53, BCC7, LFS1, P53, TRP53; tumor protein p53; K04451 tumor protein p53","<http://www.inferico.com/kegg-cmpo.owl#TSGene>","<http://www.geneontology.org/go#GO_0008285>"
"<http://www.inferico.com/kegg-cmpo.owl#Abst_Gene_hsa_7157>","TP53, BCC7, LFS1, P53, TRP53; tumor protein p53; K04451 tumor protein p53","<http://www.inferico.com/kegg-cmpo.owl#TSGene>","<http://www.geneontology.org/go#GO_0043065>"
"<http://www.inferico.com/kegg-cmpo.owl#Abst_Gene_hsa_7157>","TP53, BCC7, LFS1, P53, TRP53; tumor protein p53; K04451 tumor protein p53","<http://www.inferico.com/kegg-cmpo.owl#TSGene>","<http://www.geneontology.org/go#GO_0006915>"
"<http://www.inferico.com/kegg-cmpo.owl#Abst_Gene_hsa_7157>","TP53, BCC7, LFS1, P53, TRP53; tumor protein p53; K04451 tumor protein p53","<http://www.inferico.com/kegg-cmpo.owl#TSGene>","<http://www.geneontology.org/go#GO_0042127>"
"<http://www.inferico.com/kegg-cmpo.owl#Abst_Gene_hsa_7157>","TP53, BCC7, LFS1, P53, TRP53; tumor protein p53; K04451 tumor protein p53","<http://www.inferico.com/kegg-cmpo.owl#TSGene>","<http://www.geneontology.org/go#GO_0008283>"
"<http://www.inferico.com/kegg-cmpo.owl#Abst_Gene_hsa_7157>","TP53, BCC7, LFS1, P53, TRP53; tumor protein p53; K04451 tumor protein p53","<http://www.inferico.com/kegg-cmpo.owl#TSGene>","<http://www.geneontology.org/go#GO_0042981>"
"<http://www.inferico.com/kegg-cmpo.owl#Abst_Gene_hsa_7248>","TSC1, LAM, TSC; tuberous sclerosis 1; K07206 tuberous sclerosis 1","<http://www.inferico.com/kegg-cmpo.owl#TSGene>","<http://www.geneontology.org/go#GO_0008285>"
"<http://www.inferico.com/kegg-cmpo.owl#Abst_Gene_hsa_7249>","TSC2, LAM, PPP1R160, TSC4; tuberous sclerosis 2; K07207 tuberous sclerosis 2","<http://www.inferico.com/kegg-cmpo.owl#TSGene>","<http://www.geneontology.org/go#GO_0008285>"
"<http://www.inferico.com/kegg-cmpo.owl#Abst_Gene_hsa_7428>","VHL, HRCA1, RCA1, VHL1, pVHL; von Hippel-Lindau tumor suppressor, E3 ubiquitin protein ligase; K03871 von Hippel-Lindau disease tumor supressor","<http://www.inferico.com/kegg-cmpo.owl#TSGene>","<http://www.geneontology.org/go#GO_0043066>"
"<http://www.inferico.com/kegg-cmpo.owl#Abst_Gene_hsa_7428>","VHL, HRCA1, RCA1, VHL1, pVHL; von Hippel-Lindau tumor suppressor, E3 ubiquitin protein ligase; K03871 von Hippel-Lindau disease tumor supressor","<http://www.inferico.com/kegg-cmpo.owl#TSGene>","<http://www.geneontology.org/go#GO_0008285>"
"<http://www.inferico.com/kegg-cmpo.owl#Abst_Gene_hsa_7471>","WNT1, BMND16, INT1, OI15; wingless-type MMTV integration site family, member 1; K03209 wingless-type MMTV integration site family, member 1","<http://www.inferico.com/kegg-cmpo.owl#POGene>","<http://www.geneontology.org/go#GO_0008284>"
"<http://www.inferico.com/kegg-cmpo.owl#Abst_Gene_hsa_7704>","ZBTB16, PLZF, ZNF145; zinc finger and BTB domain containing 16; K10055 zinc finger and BTB domain-containing protein 16","<http://www.inferico.com/kegg-cmpo.owl#POGene>","<http://www.geneontology.org/go#GO_0008285>"
"<http://www.inferico.com/kegg-cmpo.owl#Abst_Gene_hsa_7704>","ZBTB16, PLZF, ZNF145; zinc finger and BTB domain containing 16; K10055 zinc finger and BTB domain-containing protein 16","<http://www.inferico.com/kegg-cmpo.owl#POGene>","<http://www.geneontology.org/go#GO_0043065>"
"<http://www.inferico.com/kegg-cmpo.owl#Abst_Gene_hsa_7704>","ZBTB16, PLZF, ZNF145; zinc finger and BTB domain containing 16; K10055 zinc finger and BTB domain-containing protein 16","<http://www.inferico.com/kegg-cmpo.owl#POGene>","<http://www.geneontology.org/go#GO_0006915>"
"<http://www.inferico.com/kegg-cmpo.owl#Abst_Gene_hsa_8312>","AXIN1, AXIN, PPP1R49; axin 1; K02157 axin 1","<http://www.inferico.com/kegg-cmpo.owl#TSGene>","<http://www.geneontology.org/go#GO_0006915>"
"<http://www.inferico.com/kegg-cmpo.owl#Abst_Gene_hsa_83593>","RASSF5, Maxp1, NORE1, NORE1A, NORE1B, RAPL, RASSF3; Ras association (RalGDS/AF-6) domain family member 5; K08015 Ras association domain-containing protein 5","<http://www.inferico.com/kegg-cmpo.owl#TSGene>","<http://www.geneontology.org/go#GO_0008285>"
"<http://www.inferico.com/kegg-cmpo.owl#Abst_Gene_hsa_83593>","RASSF5, Maxp1, NORE1, NORE1A, NORE1B, RAPL, RASSF3; Ras association (RalGDS/AF-6) domain family member 5; K08015 Ras association domain-containing protein 5","<http://www.inferico.com/kegg-cmpo.owl#TSGene>","<http://www.geneontology.org/go#GO_0006915>"
"<http://www.inferico.com/kegg-cmpo.owl#Abst_Gene_hsa_861>","RUNX1, AML1, AML1-EVI-1, AMLCR1, CBFA2, EVI-1, PEBP2aB; runt-related transcription factor 1; K08367 runt-related transcription factor 1","<http://www.inferico.com/kegg-cmpo.owl#POGene>","<http://www.geneontology.org/go#GO_0045766>"
"<http://www.inferico.com/kegg-cmpo.owl#Abst_Gene_hsa_867>","CBL, C-CBL, CBL2, FRA11B, NSLL, RNF55; Cbl proto-oncogene, E3 ubiquitin protein ligase; K04707 E3 ubiquitin-protein ligase CBL [EC:6.3.2.19]","<http://www.inferico.com/kegg-cmpo.owl#POGene>","<http://www.geneontology.org/go#GO_0043066>"
